-- phpMyAdmin SQL Dump
-- version 5.0.2
-- https://www.phpmyadmin.net/
--
-- Host: 127.0.0.1
-- Generation Time: Dec 01, 2020 at 03:32 AM
-- Server version: 10.4.13-MariaDB
-- PHP Version: 7.2.31

SET SQL_MODE = "NO_AUTO_VALUE_ON_ZERO";
START TRANSACTION;
SET time_zone = "+00:00";


/*!40101 SET @OLD_CHARACTER_SET_CLIENT=@@CHARACTER_SET_CLIENT */;
/*!40101 SET @OLD_CHARACTER_SET_RESULTS=@@CHARACTER_SET_RESULTS */;
/*!40101 SET @OLD_COLLATION_CONNECTION=@@COLLATION_CONNECTION */;
/*!40101 SET NAMES utf8mb4 */;

--
-- Database: `word_find`
--

-- --------------------------------------------------------

--
-- Table structure for table `categories`
--

CREATE TABLE `categories` (
  `cat_id` int(11) NOT NULL,
  `cat_name` varchar(255) NOT NULL
) ENGINE=InnoDB DEFAULT CHARSET=utf8mb4;

--
-- Dumping data for table `categories`
--

INSERT INTO `categories` (`cat_id`, `cat_name`) VALUES
(1, 'Cat1'),
(2, 'Cat2'),
(3, 'Cat3'),
(5, 'Cat5'),
(6, 'Cat6'),
(7, 'Cat7'),
(26, 'Cat8'),
(35, 'Telegu'),
(62, 'Category');

-- --------------------------------------------------------

--
-- Table structure for table `puzzles`
--

CREATE TABLE `puzzles` (
  `puzzle_id` int(11) NOT NULL,
  `cat_id` varchar(255) NOT NULL,
  `title` varchar(255) NOT NULL,
  `description` varchar(255) NOT NULL,
  `user_id` int(11) NOT NULL,
  `created_on` timestamp NOT NULL DEFAULT current_timestamp(),
  `language` varchar(255) NOT NULL,
  `word_direction` varchar(255) NOT NULL,
  `height` int(11) NOT NULL DEFAULT 10,
  `width` int(11) NOT NULL DEFAULT 10,
  `share_chars` tinyint(1) NOT NULL DEFAULT 1,
  `filler_char_types` varchar(255) NOT NULL,
  `word_bank` longtext CHARACTER SET utf8mb4 COLLATE utf8mb4_bin NOT NULL CHECK (json_valid(`word_bank`)),
  `board` longtext CHARACTER SET utf8mb4 COLLATE utf8mb4_bin NOT NULL CHECK (json_valid(`board`)),
  `solution_directions` longtext CHARACTER SET utf8mb4 COLLATE utf8mb4_bin NOT NULL CHECK (json_valid(`solution_directions`)),
  `answer_coordinates` longtext CHARACTER SET utf8mb4 COLLATE utf8mb4_bin NOT NULL CHECK (json_valid(`answer_coordinates`))
) ENGINE=InnoDB DEFAULT CHARSET=utf8mb4;

--
-- Dumping data for table `puzzles`
--

INSERT INTO `puzzles` (`puzzle_id`, `cat_id`, `title`, `description`, `user_id`, `created_on`, `language`, `word_direction`, `height`, `width`, `share_chars`, `filler_char_types`, `word_bank`, `board`, `solution_directions`, `answer_coordinates`) VALUES
(137, '1', 'json_decode', 'Testing json_encode and json_decode', 1, '2020-10-28 05:00:00', 'English', 'horizontal', 10, 10, 0, 'Any', '[\"DOG\",\"CAT\",\"FOX\",\"MULE\",\"HORSE\"]', '[[\"E\",\"A\",\"A\",\"G\",\"V\",\"G\",\"M\",\"K\",\"P\",\"P\"],[\"V\",\"R\",\"S\",\"Z\",\"L\",\"N\",\"K\",\"Q\",\"Y\",\"C\"],[\"M\",\"O\",\"E\",\"C\",\"Y\",\"P\",\"Z\",\"K\",\"H\",\"L\"],[\"Y\",\"P\",\"B\",\"D\",\"C\",\"E\",\"S\",\"R\",\"O\",\"H\"],[\"Y\",\"O\",\"I\",\"R\",\"N\",\"Z\",\"B\",\"U\",\"U\",\"O\"],[\"I\",\"D\",\"Y\",\"W\",\"S\",\"C\",\"A\",\"T\",\"F\",\"V\"],[\"D\",\"G\",\"O\",\"D\",\"A\",\"W\",\"T\",\"T\",\"E\",\"M\"],[\"Q\",\"P\",\"A\",\"L\",\"I\",\"P\",\"H\",\"A\",\"C\",\"X\"],[\"B\",\"N\",\"Z\",\"X\",\"O\",\"F\",\"J\",\"Q\",\"D\",\"R\"],[\"Y\",\"M\",\"U\",\"L\",\"E\",\"P\",\"T\",\"J\",\"F\",\"X\"]]', '[\"W\",\"E\",\"W\",\"E\",\"W\"]', '[[[6,3],[6,2],[6,1]],[[5,5],[5,6],[5,7]],[[8,5],[8,4],[8,3]],[[9,1],[9,2],[9,3],[9,4]],[[3,9],[3,8],[3,7],[3,6],[3,5]]]'),
(138, '5', 'Testing', 'This is a test', 1, '2020-10-28 05:00:00', 'English', 'all', 10, 10, 0, 'Any', '[\"DOG\",\"CAT\",\"MOUSE\"]', '[[\"X\",\"V\",\"A\",\"G\",\"Y\",\"W\",\"M\",\"V\",\"F\",\"J\"],[\"A\",\"E\",\"V\",\"K\",\"Q\",\"X\",\"Y\",\"U\",\"H\",\"B\"],[\"N\",\"E\",\"M\",\"W\",\"B\",\"K\",\"P\",\"M\",\"U\",\"G\"],[\"Q\",\"G\",\"Z\",\"L\",\"P\",\"P\",\"R\",\"U\",\"C\",\"Z\"],[\"Z\",\"N\",\"T\",\"P\",\"L\",\"V\",\"U\",\"C\",\"O\",\"U\"],[\"L\",\"G\",\"Z\",\"D\",\"Y\",\"H\",\"N\",\"K\",\"B\",\"Z\"],[\"D\",\"P\",\"X\",\"V\",\"E\",\"S\",\"U\",\"O\",\"M\",\"P\"],[\"E\",\"C\",\"T\",\"Z\",\"T\",\"G\",\"G\",\"M\",\"H\",\"R\"],[\"C\",\"C\",\"F\",\"A\",\"O\",\"Y\",\"V\",\"R\",\"Q\",\"Y\"],[\"O\",\"T\",\"C\",\"D\",\"P\",\"X\",\"D\",\"D\",\"G\",\"R\"]]', '[\"NE\",\"NE\",\"W\"]', '[[[9,3],[8,4],[7,5]],[[9,2],[8,3],[7,4]],[[6,8],[6,7],[6,6],[6,5],[6,4]]]'),
(152, '3', 'Header Redirect', 'Testing header redirect function', 1, '2020-10-28 05:00:00', 'English', 'diagonal', 10, 10, 0, 'Constants', '[\"HEADER\",\"REDIRECT\"]', '[[\"N\",\"F\",\"E\",\"T\",\"J\",\"H\",\"J\",\"Z\",\"V\",\"Q\"],[\"K\",\"J\",\"O\",\"I\",\"U\",\"F\",\"Y\",\"K\",\"Z\",\"V\"],[\"V\",\"Y\",\"Q\",\"X\",\"S\",\"P\",\"D\",\"F\",\"T\",\"D\"],[\"X\",\"J\",\"R\",\"V\",\"Q\",\"N\",\"Q\",\"C\",\"A\",\"L\"],[\"J\",\"X\",\"B\",\"D\",\"Z\",\"Q\",\"E\",\"J\",\"R\",\"Q\"],[\"V\",\"D\",\"J\",\"G\",\"J\",\"R\",\"W\",\"E\",\"P\",\"L\"],[\"R\",\"W\",\"G\",\"O\",\"I\",\"P\",\"D\",\"T\",\"L\",\"S\"],[\"U\",\"O\",\"O\",\"D\",\"G\",\"A\",\"X\",\"W\",\"B\",\"D\"],[\"H\",\"K\",\"E\",\"T\",\"E\",\"U\",\"G\",\"C\",\"E\",\"S\"],[\"W\",\"R\",\"B\",\"H\",\"R\",\"Z\",\"U\",\"F\",\"Y\",\"N\"]]', '[\"NE\",\"NE\"]', '[[[9,3],[8,4],[7,5],[6,6],[5,7],[4,8]],[[9,1],[8,2],[7,3],[6,4],[5,5],[4,6],[3,7],[2,8]]]'),
(155, '5', 'jQuery', 'Testing jQuery controls when generating a puzzle', 1, '2020-10-31 05:00:00', 'English', 'vertical', 10, 10, 0, 'Any', '[\"DOG\",\"CAT\",\"FOX\"]', '[[\"C\",\"M\",\"Q\",\"M\",\"H\",\"R\",\"U\",\"Y\",\"K\",\"R\"],[\"A\",\"P\",\"K\",\"N\",\"E\",\"Z\",\"S\",\"I\",\"U\",\"V\"],[\"T\",\"C\",\"J\",\"P\",\"G\",\"X\",\"J\",\"C\",\"Z\",\"I\"],[\"I\",\"R\",\"C\",\"E\",\"P\",\"O\",\"G\",\"Z\",\"Z\",\"N\"],[\"Y\",\"H\",\"P\",\"R\",\"B\",\"F\",\"H\",\"Z\",\"V\",\"H\"],[\"O\",\"T\",\"U\",\"A\",\"M\",\"P\",\"E\",\"Z\",\"C\",\"A\"],[\"Z\",\"X\",\"V\",\"F\",\"L\",\"V\",\"F\",\"W\",\"E\",\"R\"],[\"I\",\"H\",\"D\",\"A\",\"W\",\"Z\",\"P\",\"Q\",\"G\",\"Y\"],[\"W\",\"P\",\"E\",\"B\",\"E\",\"X\",\"V\",\"H\",\"O\",\"O\"],[\"L\",\"V\",\"Q\",\"K\",\"K\",\"A\",\"J\",\"A\",\"D\",\"J\"]]', '[\"N\",\"S\",\"N\"]', '[[[9,8],[8,8],[7,8]],[[0,0],[1,0],[2,0]],[[4,5],[3,5],[2,5]]]'),
(157, '6', 'Security', 'Things security officers wear', 1, '2020-10-31 05:00:00', 'English', 'vertical', 10, 10, 0, 'Any', '[\"BELT\",\"FLASHLIGHT\",\"TASER\",\"HANDCUFFS\"]', '[[\"I\",\"T\",\"K\",\"F\",\"H\",\"S\",\"E\",\"R\",\"O\",\"Z\"],[\"K\",\"B\",\"W\",\"L\",\"A\",\"R\",\"D\",\"P\",\"T\",\"W\"],[\"L\",\"P\",\"J\",\"A\",\"N\",\"E\",\"J\",\"C\",\"L\",\"R\"],[\"W\",\"Z\",\"N\",\"S\",\"D\",\"S\",\"N\",\"R\",\"E\",\"V\"],[\"U\",\"W\",\"E\",\"H\",\"C\",\"A\",\"Y\",\"M\",\"B\",\"B\"],[\"F\",\"B\",\"N\",\"L\",\"U\",\"T\",\"K\",\"Z\",\"F\",\"J\"],[\"U\",\"L\",\"N\",\"I\",\"F\",\"Z\",\"B\",\"G\",\"G\",\"N\"],[\"H\",\"Z\",\"X\",\"G\",\"F\",\"S\",\"H\",\"B\",\"D\",\"L\"],[\"F\",\"I\",\"S\",\"H\",\"S\",\"K\",\"U\",\"B\",\"R\",\"I\"],[\"L\",\"D\",\"U\",\"T\",\"A\",\"J\",\"P\",\"U\",\"A\",\"Q\"]]', '[\"N\",\"S\",\"N\",\"S\"]', '[[[4,8],[3,8],[2,8],[1,8]],[[0,3],[1,3],[2,3],[3,3],[4,3],[5,3],[6,3],[7,3],[8,3],[9,3]],[[5,5],[4,5],[3,5],[2,5],[1,5]],[[0,4],[1,4],[2,4],[3,4],[4,4],[5,4],[6,4],[7,4],[8,4]]]'),
(161, '6', 'Removed Beginning Coordinates', 'Realized I didn&#39;t need these. They are already there.', 1, '2020-10-31 05:00:00', 'English', 'diagonal', 10, 10, 0, 'Any', '[\"BEGIN\",\"COORD\",\"IS\",\"GONE\"]', '[[\"A\",\"T\",\"Q\",\"N\",\"O\",\"I\",\"C\",\"J\",\"P\",\"H\"],[\"G\",\"C\",\"D\",\"R\",\"A\",\"Z\",\"S\",\"E\",\"U\",\"O\"],[\"I\",\"K\",\"T\",\"K\",\"D\",\"E\",\"E\",\"U\",\"V\",\"A\"],[\"H\",\"J\",\"R\",\"Q\",\"H\",\"G\",\"W\",\"W\",\"W\",\"Q\"],[\"L\",\"W\",\"W\",\"E\",\"O\",\"E\",\"I\",\"B\",\"U\",\"I\"],[\"C\",\"D\",\"Y\",\"N\",\"O\",\"E\",\"E\",\"I\",\"G\",\"O\"],[\"Q\",\"U\",\"R\",\"E\",\"P\",\"G\",\"F\",\"Z\",\"H\",\"W\"],[\"L\",\"N\",\"N\",\"O\",\"I\",\"F\",\"G\",\"K\",\"T\",\"T\"],[\"U\",\"O\",\"K\",\"N\",\"O\",\"D\",\"T\",\"Y\",\"I\",\"E\"],[\"G\",\"W\",\"R\",\"I\",\"I\",\"C\",\"E\",\"H\",\"X\",\"J\"]]', '[\"SW\",\"NW\",\"SE\",\"NE\"]', '[[[4,7],[5,6],[6,5],[7,4],[8,3]],[[9,5],[8,4],[7,3],[6,2],[5,1]],[[0,5],[1,6]],[[9,0],[8,1],[7,2],[6,3]]]'),
(162, '7', 'Diagonal', 'Testing diagonal solutions', 1, '2020-10-31 05:00:00', 'English', 'diagonal', 10, 10, 0, 'Any', '[\"DOG\",\"CAT\",\"FOX\",\"MULE\"]', '[[\"N\",\"E\",\"O\",\"Y\",\"R\",\"N\",\"O\",\"Q\",\"O\",\"V\"],[\"P\",\"V\",\"V\",\"X\",\"A\",\"C\",\"O\",\"G\",\"M\",\"A\"],[\"P\",\"H\",\"Z\",\"Q\",\"A\",\"W\",\"X\",\"M\",\"F\",\"B\"],[\"F\",\"V\",\"V\",\"T\",\"E\",\"D\",\"P\",\"O\",\"M\",\"C\"],[\"H\",\"M\",\"T\",\"J\",\"O\",\"L\",\"N\",\"A\",\"F\",\"G\"],[\"L\",\"G\",\"Y\",\"G\",\"H\",\"V\",\"U\",\"R\",\"V\",\"U\"],[\"F\",\"B\",\"W\",\"G\",\"U\",\"Y\",\"U\",\"M\",\"S\",\"A\"],[\"U\",\"K\",\"K\",\"B\",\"F\",\"V\",\"N\",\"Q\",\"F\",\"H\"],[\"S\",\"E\",\"T\",\"X\",\"F\",\"T\",\"S\",\"V\",\"B\",\"E\"],[\"Y\",\"J\",\"G\",\"Z\",\"D\",\"I\",\"T\",\"M\",\"T\",\"B\"]]', '[\"SW\",\"SW\",\"NW\",\"NW\"]', '[[[3,5],[4,4],[5,3]],[[1,5],[2,4],[3,3]],[[4,8],[3,7],[2,6]],[[6,7],[5,6],[4,5],[3,4]]]'),
(165, '7', 'All', 'Testing all directions', 1, '2020-11-02 06:00:00', 'English', 'all', 10, 10, 0, 'Any', '[\"DOG\",\"CAT\",\"FOX\",\"HERE\",\"TEST\",\"IS\",\"THIS\"]', '[[\"O\",\"Z\",\"S\",\"G\",\"T\",\"P\",\"S\",\"Y\",\"N\",\"T\"],[\"D\",\"O\",\"G\",\"H\",\"V\",\"T\",\"X\",\"R\",\"X\",\"W\"],[\"Y\",\"G\",\"I\",\"B\",\"L\",\"X\",\"S\",\"G\",\"R\",\"L\"],[\"G\",\"S\",\"Z\",\"K\",\"T\",\"O\",\"Q\",\"E\",\"H\",\"M\"],[\"G\",\"W\",\"D\",\"C\",\"I\",\"Z\",\"U\",\"E\",\"T\",\"V\"],[\"A\",\"I\",\"L\",\"C\",\"G\",\"X\",\"R\",\"H\",\"H\",\"A\"],[\"F\",\"U\",\"O\",\"K\",\"S\",\"L\",\"E\",\"K\",\"Q\",\"C\"],[\"U\",\"A\",\"B\",\"R\",\"A\",\"R\",\"C\",\"I\",\"C\",\"A\"],[\"L\",\"I\",\"N\",\"Z\",\"E\",\"M\",\"B\",\"S\",\"O\",\"T\"],[\"V\",\"B\",\"T\",\"Z\",\"L\",\"P\",\"B\",\"X\",\"O\",\"F\"]]', '[\"E\",\"S\",\"W\",\"SW\",\"NW\",\"S\",\"SW\"]', '[[[1,0],[1,1],[1,2]],[[6,9],[7,9],[8,9]],[[9,9],[9,8],[9,7]],[[5,7],[6,6],[7,5],[8,4]],[[4,8],[3,7],[2,6],[1,5]],[[7,7],[8,7]],[[0,4],[1,3],[2,2],[3,1]]]'),
(166, '1', 'test puzzle', 'this is a test', 2, '2020-11-02 06:00:00', 'English', 'all', 10, 10, 0, 'Any', '[\"DOG\",\"CAT\",\"MOUSE\",\"HORSE\"]', '[[\"P\",\"M\",\"B\",\"J\",\"Y\",\"I\",\"E\",\"U\",\"N\",\"J\"],[\"N\",\"C\",\"O\",\"V\",\"C\",\"Y\",\"N\",\"F\",\"F\",\"D\"],[\"S\",\"A\",\"C\",\"U\",\"C\",\"A\",\"Z\",\"O\",\"L\",\"V\"],[\"O\",\"G\",\"C\",\"M\",\"S\",\"A\",\"Y\",\"Y\",\"L\",\"C\"],[\"C\",\"A\",\"Z\",\"G\",\"U\",\"E\",\"T\",\"Y\",\"H\",\"G\"],[\"G\",\"E\",\"T\",\"G\",\"G\",\"L\",\"K\",\"O\",\"Y\",\"X\"],[\"C\",\"E\",\"M\",\"O\",\"H\",\"V\",\"R\",\"U\",\"Q\",\"A\"],[\"W\",\"J\",\"A\",\"Y\",\"B\",\"S\",\"H\",\"G\",\"Z\",\"W\"],[\"H\",\"E\",\"T\",\"O\",\"E\",\"S\",\"C\",\"T\",\"O\",\"N\"],[\"R\",\"M\",\"K\",\"X\",\"I\",\"U\",\"N\",\"X\",\"Q\",\"D\"]]', '[\"NW\",\"SE\",\"SE\",\"SW\"]', '[[[9,9],[8,8],[7,7]],[[2,4],[3,5],[4,6]],[[0,1],[1,2],[2,3],[3,4],[4,5]],[[4,8],[5,7],[6,6],[7,5],[8,4]]]'),
(167, '2', 'Farm Animals', 'testing save puzzle', 1, '2020-11-02 06:00:00', 'English', 'all', 10, 10, 0, 'Any', '[\"PIG\",\"MULE\",\"DOG\"]', '[[\"E\",\"X\",\"G\",\"V\",\"R\",\"G\",\"L\",\"E\",\"Z\",\"F\"],[\"P\",\"K\",\"F\",\"A\",\"B\",\"D\",\"P\",\"W\",\"M\",\"K\"],[\"R\",\"F\",\"W\",\"G\",\"P\",\"D\",\"C\",\"C\",\"A\",\"E\"],[\"H\",\"I\",\"Q\",\"E\",\"G\",\"R\",\"P\",\"W\",\"F\",\"S\"],[\"P\",\"V\",\"Q\",\"O\",\"E\",\"P\",\"M\",\"V\",\"X\",\"O\"],[\"G\",\"X\",\"D\",\"M\",\"I\",\"U\",\"Y\",\"R\",\"Z\",\"Y\"],[\"A\",\"B\",\"A\",\"G\",\"L\",\"P\",\"V\",\"B\",\"I\",\"N\"],[\"Q\",\"Y\",\"A\",\"E\",\"V\",\"W\",\"W\",\"V\",\"W\",\"T\"],[\"H\",\"G\",\"H\",\"T\",\"R\",\"X\",\"S\",\"P\",\"L\",\"H\"],[\"S\",\"F\",\"Y\",\"U\",\"G\",\"Z\",\"A\",\"P\",\"Y\",\"A\"]]', '[\"SW\",\"SW\",\"NE\"]', '[[[4,5],[5,4],[6,3]],[[4,6],[5,5],[6,4],[7,3]],[[5,2],[4,3],[3,4]]]'),
(170, '2', 'Generate Board', 'Testing generated_board when word bank is larger than grid', 1, '2020-11-04 06:00:00', 'English', 'all', 10, 10, 0, 'Any', '[\"DOG\",\"CAT\",\"FOX\",\"MULE\",\"HORSE\",\"TURTLE\"]', '[[\"U\",\"K\",\"W\",\"T\",\"A\",\"E\",\"W\",\"H\",\"K\",\"G\"],[\"T\",\"G\",\"N\",\"W\",\"G\",\"Y\",\"E\",\"W\",\"H\",\"I\"],[\"T\",\"H\",\"S\",\"M\",\"T\",\"T\",\"H\",\"Y\",\"E\",\"X\"],[\"M\",\"W\",\"F\",\"A\",\"R\",\"I\",\"B\",\"N\",\"X\",\"T\"],[\"C\",\"S\",\"C\",\"A\",\"V\",\"T\",\"A\",\"V\",\"K\",\"P\"],[\"Y\",\"L\",\"B\",\"O\",\"E\",\"L\",\"U\",\"M\",\"V\",\"L\"],[\"N\",\"J\",\"J\",\"K\",\"X\",\"M\",\"P\",\"I\",\"D\",\"Z\"],[\"H\",\"O\",\"R\",\"S\",\"E\",\"B\",\"M\",\"V\",\"O\",\"E\"],[\"M\",\"P\",\"X\",\"O\",\"F\",\"A\",\"A\",\"Y\",\"G\",\"X\"],[\"B\",\"Q\",\"T\",\"U\",\"R\",\"T\",\"L\",\"E\",\"W\",\"L\"]]', '[\"S\",\"NE\",\"W\",\"W\",\"E\",\"E\"]', '[[[6,8],[7,8],[8,8]],[[4,2],[3,3],[2,4]],[[8,4],[8,3],[8,2]],[[5,7],[5,6],[5,5],[5,4]],[[7,0],[7,1],[7,2],[7,3],[7,4]],[[9,2],[9,3],[9,4],[9,5],[9,6],[9,7]]]'),
(172, '26', 'Circle Answers', 'Testing updated circleAnswers', 1, '2020-11-04 06:00:00', 'English', 'all', 10, 10, 0, 'Any', '[\"DOG\",\"CAT\",\"FOX\",\"MOUSE\",\"MULE\",\"HORSE\",\"FROG\",\"PIG\"]', '[[\"C\",\"W\",\"S\",\"W\",\"H\",\"Q\",\"P\",\"F\",\"A\",\"O\"],[\"M\",\"D\",\"V\",\"S\",\"W\",\"X\",\"G\",\"J\",\"S\",\"U\"],[\"T\",\"M\",\"F\",\"F\",\"W\",\"M\",\"I\",\"B\",\"I\",\"D\"],[\"R\",\"E\",\"M\",\"U\",\"L\",\"E\",\"T\",\"A\",\"C\",\"M\"],[\"H\",\"G\",\"S\",\"F\",\"P\",\"C\",\"I\",\"I\",\"U\",\"S\"],[\"Y\",\"I\",\"O\",\"R\",\"O\",\"U\",\"D\",\"G\",\"H\",\"E\"],[\"D\",\"P\",\"F\",\"D\",\"O\",\"X\",\"Q\",\"Y\",\"N\",\"S\"],[\"F\",\"R\",\"O\",\"G\",\"J\",\"H\",\"V\",\"P\",\"M\",\"U\"],[\"X\",\"D\",\"O\",\"M\",\"U\",\"F\",\"W\",\"H\",\"S\",\"O\"],[\"G\",\"O\",\"S\",\"I\",\"Y\",\"X\",\"R\",\"A\",\"R\",\"M\"]]', '[\"NW\",\"W\",\"SE\",\"N\",\"E\",\"NW\",\"E\",\"N\"]', '[[[6,3],[5,2],[4,1]],[[3,8],[3,7],[3,6]],[[4,3],[5,4],[6,5]],[[9,9],[8,9],[7,9],[6,9],[5,9]],[[3,2],[3,3],[3,4],[3,5]],[[7,5],[6,4],[5,3],[4,2],[3,1]],[[7,0],[7,1],[7,2],[7,3]],[[6,1],[5,1],[4,1]]]'),
(209, '7', 'Vertical', 'Testing Vertical Lines', 1, '2020-11-13 06:00:00', 'English', 'vertical', 12, 12, 0, 'Any', '[\"DOG\",\"CAT\",\"FOX\"]', '[[\"Z\",\"L\",\"B\",\"G\",\"N\",\"N\",\"M\",\"M\",\"I\",\"H\",\"F\",\"D\"],[\"N\",\"L\",\"T\",\"K\",\"C\",\"G\",\"K\",\"V\",\"O\",\"K\",\"C\",\"X\"],[\"A\",\"L\",\"Q\",\"Y\",\"E\",\"A\",\"N\",\"B\",\"Z\",\"L\",\"A\",\"C\"],[\"N\",\"I\",\"P\",\"W\",\"M\",\"J\",\"U\",\"N\",\"O\",\"W\",\"T\",\"K\"],[\"Z\",\"E\",\"A\",\"T\",\"U\",\"D\",\"V\",\"E\",\"S\",\"O\",\"N\",\"U\"],[\"I\",\"S\",\"G\",\"J\",\"G\",\"P\",\"L\",\"A\",\"B\",\"X\",\"K\",\"U\"],[\"T\",\"X\",\"G\",\"L\",\"K\",\"T\",\"Q\",\"U\",\"G\",\"O\",\"Y\",\"M\"],[\"O\",\"Z\",\"U\",\"E\",\"P\",\"R\",\"L\",\"L\",\"V\",\"F\",\"L\",\"N\"],[\"A\",\"S\",\"S\",\"Z\",\"M\",\"S\",\"Z\",\"M\",\"E\",\"O\",\"G\",\"G\"],[\"O\",\"D\",\"Q\",\"N\",\"C\",\"W\",\"M\",\"Z\",\"Z\",\"N\",\"Z\",\"O\"],[\"D\",\"P\",\"V\",\"V\",\"R\",\"R\",\"S\",\"C\",\"D\",\"X\",\"N\",\"D\"],[\"T\",\"X\",\"Y\",\"D\",\"V\",\"T\",\"Z\",\"M\",\"X\",\"D\",\"J\",\"F\"]]', '[\"N\",\"S\",\"N\"]', '[[[10,11],[9,11],[8,11]],[[1,10],[2,10],[3,10]],[[7,9],[6,9],[5,9]]]'),
(212, '35', 'Diagonal', 'Testing diagonal lines', 1, '2020-11-13 06:00:00', 'Telugu', 'diagonal', 7, 7, 0, 'Any', '[\"కుక్క\",\"పిల్లి\",\"నక్క\",\"జింక\"]', '[[\"  భు  \",\"  బొ  \",\"  థం  \",\"  యి  \",\"  ట్ట  \",\"  చొ  \",\"  లూ  \"],[\"  దె  \",\"  క్మ  \",\"  చొ  \",\"  ణే  \",\"  చే  \",\"న\",\"కు\"],[\"  కో  \",\"  టీ  \",\"  కె  \",\"  క్ర  \",\"క్క\",\"క్క\",\"  ర్ష  \"],[\"  ధూ  \",\"  ఘౌ  \",\"  శా  \",\"  గు  \",\"  హా  \",\"  పూ  \",\"  బొ  \"],[\"  రి  \",\"ల్లి\",\"  ల్ర  \",\"  చం  \",\"  డై  \",\"జిం\",\"  టో  \"],[\"పి\",\"  ట  \",\"  గు  \",\"  కి  \",\"క\",\"  కె  \",\"  టి  \"],[\"  బే  \",\"  వూ  \",\"  యీ  \",\"  షూ  \",\"  థా  \",\"  ఏ  \",\"  జ  \"]]', '[\"SW\",\"NE\",\"SW\",\"SW\"]', '[[[1,6],[2,5]],[[5,0],[4,1]],[[1,5],[2,4]],[[4,5],[5,4]]]'),
(306, '1', 'Play Game', 'Testing gamemode with this puzzle.', 1, '2020-11-25 07:33:31', 'English', 'horizontal', 7, 7, 0, 'Consonants', '[\"PLAY\",\"MODE\"]', '[[\"H\",\"M\",\"O\",\"D\",\"E\",\"P\",\"T\"],[\"F\",\"X\",\"F\",\"X\",\"K\",\"Y\",\"F\"],[\"P\",\"L\",\"A\",\"Y\",\"P\",\"N\",\"T\"],[\"M\",\"J\",\"X\",\"L\",\"P\",\"B\",\"Z\"],[\"K\",\"F\",\"H\",\"Z\",\"Q\",\"D\",\"Z\"],[\"X\",\"V\",\"D\",\"P\",\"R\",\"R\",\"V\"],[\"V\",\"Z\",\"L\",\"N\",\"J\",\"B\",\"G\"]]', '[\"E\",\"E\"]', '[[[2,0],[2,1],[2,2],[2,3]],[[0,1],[0,2],[0,3],[0,4]]]'),
(307, '62', 'Word Reversed', 'Description', 1, '2020-12-01 00:32:58', 'English', 'all', 8, 8, 0, 'Consonants', '[\"TEST\",\"PUZZLE\",\"HERE\"]', '[[\"V\",\"F\",\"X\",\"F\",\"T\",\"D\",\"Y\",\"C\"],[\"J\",\"X\",\"H\",\"H\",\"B\",\"L\",\"Q\",\"M\"],[\"F\",\"N\",\"Z\",\"F\",\"T\",\"R\",\"L\",\"Y\"],[\"D\",\"K\",\"G\",\"S\",\"S\",\"G\",\"S\",\"J\"],[\"L\",\"H\",\"E\",\"H\",\"E\",\"R\",\"E\",\"K\"],[\"H\",\"T\",\"B\",\"D\",\"T\",\"J\",\"K\",\"S\"],[\"Z\",\"J\",\"E\",\"L\",\"Z\",\"Z\",\"U\",\"P\"],[\"H\",\"W\",\"M\",\"H\",\"Z\",\"G\",\"D\",\"H\"]]', '[\"NE\",\"W\",\"E\"]', '[[[5,1],[4,2],[3,3],[2,4]],[[6,7],[6,6],[6,5],[6,4],[6,3],[6,2]],[[4,3],[4,4],[4,5],[4,6]]]'),
(316, '62', 'Title', 'Description', 1, '2020-12-01 02:25:06', 'Telugu', 'all', 10, 10, 0, 'Consonants', '[\"కుక్క\",\"పిల్లి\",\" నక్క\"]', '[[\"ఠ\",\"భ\",\"ష\",\"క\",\"ద\",\"ట\",\"ఠ\",\"హ\",\"ఝ\",\"ఢ\"],[\"క\",\"క్ష\",\"మ\",\"ఛ\",\"ణ\",\"డ\",\"జ\",\"జ\",\"డ\",\"థ\"],[\"ర\",\"ఠ\",\"థ\",\"శ\",\"ళ\",\"జ\",\"హ\",\"ఢ\",\"క్ష\",\"ళ\"],[\"త\",\"య\",\"ఖ\",\"ఛ\",\"ర\",\"భ\",\"ధ\",\"మ\",\"య\",\"ఢ\"],[\"ణ\",\"ల్లి\",\"పి\",\"ఠ\",\"య\",\"డ\",\"ఝ\",\"జ\",\"థ\",\"ట\"],[\"స\",\"ప\",\"మ\",\"ణ\",\"ఢ\",\"ల\",\"గ\",\"వ\",\"ఛ\",\"ష\"],[\"డ\",\"డ\",\"మ\",\"జ\",\"క్క\",\"జ\",\"ఘ\",\"వ\",\"డ\",\"డ\"],[\"ఖ\",\"ల\",\"ప\",\"డ\",\"క్క\",\"న\",\"ఖ\",\"చ\",\"త\",\"ల\"],[\"ల\",\"ఝ\",\"బ\",\"కు\",\"శ\",\"ఘ\",\"త\",\"థ\",\"ష\",\"య\"],[\"ఝ\",\"ఘ\",\"ణ\",\"డ\",\"భ\",\"భ\",\"ణ\",\"ధ\",\"జ\",\"మ\"]]', '[\"NE\",\"W\",\"NW\"]', '[[[8,3],[7,4]],[[4,2],[4,1]],[[7,5],[6,4]]]'),
(317, '62', 'Title', 'Description', 1, '2020-12-01 02:27:31', 'Telugu', 'all', 10, 10, 0, 'Consonants', '[\"నక్క\"]', '[[\"ణ\",\"థ\",\"వ\",\"హ\",\"శ\",\"డ\",\"భ\",\"బ\",\"ప\",\"ళ\"],[\"స\",\"వ\",\"య\",\"ఢ\",\"ఫ\",\"న\",\"ప\",\"ధ\",\"య\",\"ద\"],[\"ధ\",\"ఝ\",\"న\",\"భ\",\"ధ\",\"ట\",\"ఠ\",\"చ\",\"ప\",\"న\"],[\"హ\",\"ఠ\",\"ఖ\",\"థ\",\"ద\",\"ష\",\"ఛ\",\"డ\",\"ఢ\",\"త\"],[\"డ\",\"థ\",\"భ\",\"ద\",\"ఘ\",\"ష\",\"య\",\"ఠ\",\"వ\",\"న\"],[\"ఫ\",\"ఘ\",\"వ\",\"ద\",\"ఛ\",\"ష\",\"శ\",\"ళ\",\"ఠ\",\"క్క\"],[\"ధ\",\"మ\",\"స\",\"ణ\",\"గ\",\"ఝ\",\"బ\",\"ట\",\"శ\",\"ల\"],[\"ష\",\"ఘ\",\"ప\",\"ఫ\",\"ర\",\"హ\",\"మ\",\"జ\",\"య\",\"న\"],[\"ఘ\",\"వ\",\"ఖ\",\"ప\",\"ఘ\",\"థ\",\"వ\",\"ర\",\"ప\",\"ఛ\"],[\"ప\",\"ఫ\",\"ణ\",\"ఠ\",\"థ\",\"న\",\"గ\",\"చ\",\"ఖ\",\"ఝ\"]]', '[\"S\"]', '[[[4,9],[5,9]]]');

-- --------------------------------------------------------

--
-- Table structure for table `users`
--

CREATE TABLE `users` (
  `user_id` int(11) NOT NULL,
  `first_name` varchar(30) NOT NULL,
  `last_name` varchar(30) NOT NULL,
  `email` varchar(75) NOT NULL,
  `password` varchar(200) NOT NULL,
  `active` varchar(10) NOT NULL DEFAULT 'yes',
  `role` varchar(20) NOT NULL DEFAULT 'student',
  `modified_time` timestamp NOT NULL DEFAULT current_timestamp(),
  `created_time` timestamp NOT NULL DEFAULT current_timestamp()
) ENGINE=InnoDB DEFAULT CHARSET=latin1;

--
-- Dumping data for table `users`
--

INSERT INTO `users` (`user_id`, `first_name`, `last_name`, `email`, `password`, `active`, `role`, `modified_time`, `created_time`) VALUES
(1, 'Brandon', 'Hempel', 'brandonhempel@gmail.com', '$2y$10$Nt682vGqcaszQQTKiN7PjuvuUfcuOf6/UvnSnF7YBdHgw/l.Dv3Ny', 'yes', 'admin', '2020-11-14 06:00:00', '2020-11-14 06:00:00'),
(2, 'John', 'Calvin', 'john@gmail.com', '$2y$10$ojig5xeXvCi8qcQ9f8ygEehDdd8GrMplfympvBSfsm8J3BOwaydSe', 'yes', 'student', '2020-11-14 06:00:00', '2020-11-14 06:00:00'),
(81, 'Admin', 'User', 'admin', '$2y$10$V3lGmQO8vBpUJadk/r3CbumwsUQDETE/QB/aXSQJry4HOo3Vz/bkm', 'yes', 'admin', '2020-11-15 06:00:00', '2020-11-15 06:00:00'),
(82, 'John', 'Doe', 'test@gmail.com', '$2y$10$PhL7gipCbvffeglKZuhOD.VmFcOlfiAPskwTX1niFgfgkOaQuMeOW', 'yes', 'student', '2020-12-01 01:00:51', '2020-12-01 01:00:51');

--
-- Indexes for dumped tables
--

--
-- Indexes for table `categories`
--
ALTER TABLE `categories`
  ADD PRIMARY KEY (`cat_id`);

--
-- Indexes for table `puzzles`
--
ALTER TABLE `puzzles`
  ADD PRIMARY KEY (`puzzle_id`);

--
-- Indexes for table `users`
--
ALTER TABLE `users`
  ADD UNIQUE KEY `id` (`user_id`);

--
-- AUTO_INCREMENT for dumped tables
--

--
-- AUTO_INCREMENT for table `categories`
--
ALTER TABLE `categories`
  MODIFY `cat_id` int(11) NOT NULL AUTO_INCREMENT, AUTO_INCREMENT=63;

--
-- AUTO_INCREMENT for table `puzzles`
--
ALTER TABLE `puzzles`
  MODIFY `puzzle_id` int(11) NOT NULL AUTO_INCREMENT, AUTO_INCREMENT=318;

--
-- AUTO_INCREMENT for table `users`
--
ALTER TABLE `users`
  MODIFY `user_id` int(11) NOT NULL AUTO_INCREMENT, AUTO_INCREMENT=83;
COMMIT;

/*!40101 SET CHARACTER_SET_CLIENT=@OLD_CHARACTER_SET_CLIENT */;
/*!40101 SET CHARACTER_SET_RESULTS=@OLD_CHARACTER_SET_RESULTS */;
/*!40101 SET COLLATION_CONNECTION=@OLD_COLLATION_CONNECTION */;
